年份,综合成绩,本段人数,累计人数
2025,375.7,1,1
2025,372.3,1,2
2025,369.1,1,3
2025,367.7,1,4
2025,367.1,1,5
2025,365.8,1,6
2025,365.5,1,7
2025,365.0,1,8
2025,363.1,1,9
2025,362.2,1,10
2025,362.1,1,11
2025,362.0,2,13
2025,361.5,1,14
2025,360.7,1,15
2025,360.2,2,17
2025,360.1,1,18
2025,359.5,1,19
2025,359.0,1,20
2025,358.8,1,21
2025,358.2,1,22
2025,358.0,1,23
2025,357.8,1,24
2025,357.1,1,25
2025,356.8,1,26
2025,356.7,1,27
2025,356.2,1,28
2025,355.9,1,29
2025,355.7,1,30
2025,355.6,1,31
2025,355.5,1,32
2025,355.1,1,33
2025,355.0,1,34
2025,354.6,1,35
2025,354.5,1,36
2025,354.4,1,37
2025,354.3,1,38
2025,354.2,1,39
2025,353.9,1,40
2025,353.8,1,41
2025,353.7,1,42
2025,353.5,1,43
2025,353.4,1,44
2025,353.0,1,45
2025,352.8,1,46
2025,352.7,2,48
2025,352.6,1,49
2025,352.5,2,51
2025,352.3,1,52
2025,352.0,1,53
2025,351.9,1,54
2025,351.6,2,56
2025,351.4,2,58
2025,351.3,1,59
2025,351.2,2,61
2025,351.0,1,62
2025,350.9,1,63
2025,350.7,1,64
2025,350.4,1,65
2025,350.3,1,66
2025,350.2,2,68
2025,350.1,3,71
2025,349.9,1,72
2025,349.7,1,73
2025,349.6,1,74
2025,349.4,1,75
2025,349.2,2,77
2025,349.1,1,78
2025,349.0,2,80
2025,348.9,1,81
2025,348.8,1,82
2025,348.6,3,85
2025,348.5,1,86
2025,348.3,1,87
2025,348.1,1,88
2025,348.0,4,92
2025,347.8,1,93
2025,347.7,2,95
2025,347.6,2,97
2025,347.5,1,98
2025,347.1,1,99
2025,347.0,1,100
2025,346.9,1,101
2025,346.8,2,103
2025,346.7,2,105
2025,346.4,1,106
2025,346.3,1,107
2025,346.2,3,110
2025,346.0,3,113
2025,345.9,1,114
2025,345.8,2,116
2025,345.7,3,119
2025,345.5,3,122
2025,345.3,3,125
2025,344.9,1,126
2025,344.8,2,128
2025,344.7,1,129
2025,344.4,1,130
2025,344.2,3,133
2025,344.1,1,134
2025,344.0,1,135
2025,343.8,2,137
2025,343.6,3,140
2025,343.4,4,144
2025,343.3,1,145
2025,343.0,2,147
2025,342.8,2,149
2025,342.7,1,150
2025,342.6,1,151
2025,342.5,2,153
2025,342.4,1,154
2025,342.2,2,156
2025,342.1,2,158
2025,342.0,1,159
2025,341.9,1,160
2025,341.6,1,161
2025,341.4,2,163
2025,341.2,5,168
2025,341.1,2,170
2025,341.0,3,173
2025,340.8,3,176
2025,340.6,2,178
2025,340.5,1,179
2025,340.4,1,180
2025,340.3,3,183
2025,340.2,3,186
2025,340.0,2,188
2025,339.9,5,193
2025,339.8,1,194
2025,339.7,1,195
2025,339.6,3,198
2025,339.5,1,199
2025,339.4,4,203
2025,339.3,2,205
2025,339.2,4,209
2025,339.1,1,210
2025,339.0,2,212
2025,338.9,1,213
2025,338.8,2,215
2025,338.7,2,217
2025,338.6,1,218
2025,338.4,2,220
2025,338.3,1,221
2025,338.2,4,225
2025,338.0,3,228
2025,337.9,1,229
2025,337.8,2,231
2025,337.7,3,234
2025,337.6,2,236
2025,337.5,4,240
2025,337.4,4,244
2025,337.3,1,245
2025,337.2,2,247
2025,337.1,1,248
2025,337.0,3,251
2025,336.8,1,252
2025,336.7,1,253
2025,336.5,4,257
2025,336.4,2,259
2025,336.3,4,263
2025,336.2,1,264
2025,336.1,2,266
2025,335.9,3,269
2025,335.7,1,270
2025,335.6,2,272
2025,335.5,6,278
2025,335.4,3,281
2025,335.3,2,283
2025,335.2,4,287
2025,335.1,2,289
2025,335.0,2,291
2025,334.9,2,293
2025,334.7,2,295
2025,334.6,1,296
2025,334.5,4,300
2025,334.4,2,302
2025,334.3,5,307
2025,334.2,2,309
2025,334.1,3,312
2025,334.0,3,315
2025,333.9,1,316
2025,333.8,5,321
2025,333.7,2,323
2025,333.6,2,325
2025,333.5,3,328
2025,333.4,1,329
2025,333.3,4,333
2025,333.2,2,335
2025,333.1,2,337
2025,333.0,2,339
2025,332.9,6,345
2025,332.8,6,351
2025,332.7,4,355
2025,332.6,2,357
2025,332.5,4,361
2025,332.3,2,363
2025,332.2,1,364
2025,332.1,2,366
2025,332.0,4,370
2025,331.9,1,371
2025,331.8,2,373
2025,331.7,2,375
2025,331.6,3,378
2025,331.5,4,382
2025,331.4,4,386
2025,331.3,4,390
2025,331.2,6,396
2025,331.1,3,399
2025,331.0,3,402
2025,330.9,2,404
2025,330.8,6,410
2025,330.7,2,412
2025,330.6,4,416
2025,330.5,3,419
2025,330.4,3,422
2025,330.3,4,426
2025,330.2,2,428
2025,330.1,5,433
2025,330.0,7,440
2025,329.9,1,441
2025,329.8,7,448
2025,329.7,2,450
2025,329.6,5,455
2025,329.5,3,458
2025,329.4,5,463
2025,329.3,4,467
2025,329.2,3,470
2025,329.1,1,471
2025,329.0,4,475
2025,328.9,1,476
2025,328.8,3,479
2025,328.7,3,482
2025,328.6,4,486
2025,328.5,2,488
2025,328.4,1,489
2025,328.3,3,492
2025,328.2,3,495
2025,328.1,8,503
2025,328.0,5,508
2025,327.9,4,512
2025,327.8,2,514
2025,327.7,7,521
2025,327.6,5,526
2025,327.5,3,529
2025,327.4,5,534
2025,327.3,6,540
2025,327.2,5,545
2025,327.1,5,550
2025,327.0,4,554
2025,326.9,4,558
2025,326.8,5,563
2025,326.7,10,573
2025,326.6,6,579
2025,326.5,5,584
2025,326.4,2,586
2025,326.3,8,594
2025,326.2,6,600
2025,326.1,3,603
2025,326.0,5,608
2025,325.9,10,618
2025,325.8,4,622
2025,325.7,4,626
2025,325.6,4,630
2025,325.5,7,637
2025,325.4,5,642
2025,325.3,5,647
2025,325.2,7,654
2025,325.1,7,661
2025,325.0,2,663
2025,324.9,6,669
2025,324.8,5,674
2025,324.7,9,683
2025,324.6,7,690
2025,324.5,3,693
2025,324.4,2,695
2025,324.3,2,697
2025,324.2,4,701
2025,324.1,3,704
2025,324.0,8,712
2025,323.9,9,721
2025,323.8,4,725
2025,323.7,6,731
2025,323.6,4,735
2025,323.5,4,739
2025,323.4,6,745
2025,323.3,6,751
2025,323.2,3,754
2025,323.1,6,760
2025,323.0,4,764
2025,322.9,4,768
2025,322.8,7,775
2025,322.7,10,785
2025,322.6,2,787
2025,322.5,7,794
2025,322.4,6,800
2025,322.3,4,804
2025,322.2,8,812
2025,322.1,9,821
2025,322.0,8,829
2025,321.9,7,836
2025,321.8,5,841
2025,321.7,7,848
2025,321.6,11,859
2025,321.5,6,865
2025,321.4,6,871
2025,321.3,9,880
2025,321.2,5,885
2025,321.1,4,889
2025,321.0,1,890
2025,320.9,5,895
2025,320.8,11,906
2025,320.7,2,908
2025,320.6,10,918
2025,320.5,5,923
2025,320.4,8,931
2025,320.3,12,943
2025,320.2,5,948
2025,320.1,6,954
2025,320.0,6,960
2025,319.9,9,969
2025,319.8,5,974
2025,319.7,5,979
2025,319.6,5,984
2025,319.5,6,990
2025,319.4,9,999
2025,319.3,7,1006
2025,319.2,9,1015
2025,319.1,4,1019
2025,319.0,5,1024
2025,318.9,8,1032
2025,318.8,1,1033
2025,318.7,9,1042
2025,318.6,13,1055
2025,318.5,7,1062
2025,318.4,8,1070
2025,318.3,8,1078
2025,318.2,8,1086
2025,318.1,5,1091
2025,318.0,7,1098
2025,317.9,7,1105
2025,317.8,9,1114
2025,317.7,6,1120
2025,317.6,11,1131
2025,317.5,6,1137
2025,317.4,11,1148
2025,317.3,13,1161
2025,317.2,8,1169
2025,317.1,10,1179
2025,317.0,4,1183
2025,316.9,13,1196
2025,316.8,7,1203
2025,316.7,13,1216
2025,316.6,12,1228
2025,316.5,10,1238
2025,316.4,6,1244
2025,316.3,10,1254
2025,316.2,8,1262
2025,316.1,7,1269
2025,316.0,11,1280
2025,315.9,8,1288
2025,315.8,9,1297
2025,315.7,7,1304
2025,315.6,12,1316
2025,315.5,7,1323
2025,315.4,11,1334
2025,315.3,8,1342
2025,315.2,7,1349
2025,315.1,10,1359
2025,315.0,8,1367
2025,314.9,12,1379
2025,314.8,9,1388
2025,314.7,11,1399
2025,314.6,11,1410
2025,314.5,16,1426
2025,314.4,11,1437
2025,314.3,11,1448
2025,314.2,9,1457
2025,314.1,13,1470
2025,314.0,8,1478
2025,313.9,13,1491
2025,313.8,7,1498
2025,313.7,13,1511
2025,313.6,14,1525
2025,313.5,13,1538
2025,313.4,11,1549
2025,313.3,13,1562
2025,313.2,7,1569
2025,313.1,10,1579
2025,313.0,14,1593
2025,312.9,9,1602
2025,312.8,9,1611
2025,312.7,11,1622
2025,312.6,7,1629
2025,312.5,11,1640
2025,312.4,10,1650
2025,312.3,15,1665
2025,312.2,14,1679
2025,312.1,12,1691
2025,312.0,14,1705
2025,311.9,12,1717
2025,311.8,12,1729
2025,311.7,12,1741
2025,311.6,10,1751
2025,311.5,12,1763
2025,311.4,14,1777
2025,311.3,15,1792
2025,311.2,10,1802
2025,311.1,7,1809
2025,311.0,8,1817
2025,310.9,10,1827
2025,310.8,10,1837
2025,310.7,15,1852
2025,310.6,10,1862
2025,310.5,14,1876
2025,310.4,12,1888
2025,310.3,18,1906
2025,310.2,13,1919
2025,310.1,15,1934
2025,310.0,13,1947
2025,309.9,13,1960
2025,309.8,7,1967
2025,309.7,8,1975
2025,309.6,9,1984
2025,309.5,16,2000
2025,309.4,15,2015
2025,309.3,7,2022
2025,309.2,13,2035
2025,309.1,20,2055
2025,309.0,14,2069
2025,308.9,15,2084
2025,308.8,12,2096
2025,308.7,12,2108
2025,308.6,15,2123
2025,308.5,14,2137
2025,308.4,10,2147
2025,308.3,11,2158
2025,308.2,10,2168
2025,308.1,12,2180
2025,308.0,13,2193
2025,307.9,15,2208
2025,307.8,10,2218
2025,307.7,13,2231
2025,307.6,14,2245
2025,307.5,17,2262
2025,307.4,14,2276
2025,307.3,12,2288
2025,307.2,11,2299
2025,307.1,13,2312
2025,307.0,17,2329
2025,306.9,15,2344
2025,306.8,15,2359
2025,306.7,13,2372
2025,306.6,10,2382
2025,306.5,11,2393
2025,306.4,14,2407
2025,306.3,9,2416
2025,306.2,14,2430
2025,306.1,16,2446
2025,306.0,18,2464
2025,305.9,18,2482
2025,305.8,7,2489
2025,305.7,18,2507
2025,305.6,20,2527
2025,305.5,23,2550
2025,305.4,20,2570
2025,305.3,21,2591
2025,305.2,13,2604
2025,305.1,14,2618
2025,305.0,17,2635
2025,304.9,20,2655
2025,304.8,12,2667
2025,304.7,27,2694
2025,304.6,19,2713
2025,304.5,13,2726
2025,304.4,9,2735
2025,304.3,15,2750
2025,304.2,20,2770
2025,304.1,12,2782
2025,304.0,14,2796
2025,303.9,14,2810
2025,303.8,19,2829
2025,303.7,16,2845
2025,303.6,22,2867
2025,303.5,22,2889
2025,303.4,13,2902
2025,303.3,15,2917
2025,303.2,15,2932
2025,303.1,20,2952
2025,303.0,18,2970
2025,302.9,22,2992
2025,302.8,14,3006
2025,302.7,20,3026
2025,302.6,21,3047
2025,302.5,19,3066
2025,302.4,12,3078
2025,302.3,22,3100
2025,302.2,10,3110
2025,302.1,10,3120
2025,302.0,17,3137
2025,301.9,15,3152
2025,301.8,14,3166
2025,301.7,22,3188
2025,301.6,24,3212
2025,301.5,15,3227
2025,301.4,32,3259
2025,301.3,17,3276
2025,301.2,19,3295
2025,301.1,16,3311
2025,301.0,16,3327
2025,300.9,12,3339
2025,300.8,27,3366
2025,300.7,16,3382
2025,300.6,15,3397
2025,300.5,15,3412
2025,300.4,18,3430
2025,300.3,27,3457
2025,300.2,27,3484
2025,300.1,13,3497
2025,300.0,27,3524
2025,299.9,11,3535
2025,299.8,13,3548
2025,299.7,31,3579
2025,299.6,30,3609
2025,299.5,17,3626
2025,299.4,20,3646
2025,299.3,17,3663
2025,299.2,24,3687
2025,299.1,16,3703
2025,299.0,15,3718
2025,298.9,28,3746
2025,298.8,22,3768
2025,298.5,17,3823
2025,298.4,24,3847
2025,298.3,27,3874
2025,298.2,19,3893
2025,298.1,21,3914
2025,298.0,19,3933
2025,297.9,25,3958
2025,297.8,20,3978
2025,297.7,19,3997
2025,297.6,21,4018
2025,297.5,16,4034
2025,297.4,16,4050
2025,297.3,22,4072
2025,297.2,29,4101
2025,297.1,24,4125
2025,297.0,20,4145
2025,296.9,25,4170
2025,296.8,28,4198
2025,296.7,18,4216
2025,296.6,21,4237
2025,296.5,18,4255
2025,296.4,21,4276
2025,296.3,30,4306
2025,296.2,21,4327
2025,296.1,15,4342
2025,296.0,18,4360
2025,295.9,25,4385
2025,295.8,24,4409
2025,295.7,17,4426
2025,295.6,21,4447
2025,295.5,16,4463
2025,295.4,17,4480
2025,295.3,25,4505
2025,295.2,17,4522
2025,295.1,30,4552
2025,295.0,22,4574
2025,294.9,29,4603
2025,294.8,20,4623
2025,294.7,21,4644
2025,294.6,24,4668
2025,294.5,26,4694
2025,294.4,26,4720
2025,294.3,7,4727
2025,294.2,17,4744
2025,294.1,28,4772
2025,294.0,18,4790
2025,293.9,25,4815
2025,293.8,14,4829
2025,293.7,27,4856
2025,293.6,27,4883
2025,293.5,19,4902
2025,293.4,20,4922
2025,293.3,21,4943
2025,293.2,16,4959
2025,293.1,23,4982
2025,293.0,23,5005
2025,292.9,26,5031
2025,292.8,24,5055
2025,292.7,23,5078
2025,292.6,35,5113
2025,292.5,20,5133
2025,292.4,25,5158
2025,292.3,23,5181
2025,292.2,17,5198
2025,292.1,27,5225
2025,292.0,31,5256
2025,291.9,24,5280
2025,291.8,30,5310
2025,291.7,24,5334
2025,291.6,20,5354
2025,291.5,22,5376
2025,291.4,16,5392
2025,291.3,26,5418
2025,291.2,26,5444
2025,291.1,26,5470
2025,291.0,23,5493
2025,290.9,23,5516
2025,290.8,27,5543
2025,290.7,18,5561
2025,290.6,29,5590
2025,290.5,28,5618
2025,290.4,19,5637
2025,290.3,22,5659
2025,290.2,25,5684
2025,290.1,29,5713
2025,290.0,19,5732
2025,289.9,37,5769
2025,289.8,20,5789
2025,289.7,18,5807
2025,289.6,29,5836
2025,289.5,21,5857
2025,289.4,28,5885
2025,289.3,27,5912
2025,289.2,22,5934
2025,289.1,21,5955
2025,289.0,28,5983
2025,288.9,27,6010
2025,288.8,24,6034
2025,288.7,30,6064
2025,288.6,18,6082
2025,288.5,35,6117
2025,288.4,27,6144
2025,288.3,25,6169
2025,288.2,23,6192
2025,288.1,23,6215
2025,288.0,27,6242
2025,287.9,20,6262
2025,287.8,21,6283
2025,287.7,30,6313
2025,287.6,25,6338
2025,287.5,32,6370
2025,287.4,19,6389
2025,287.3,24,6413
2025,287.2,27,6440
2025,287.1,25,6465
2025,287.0,31,6496
2025,286.9,22,6518
2025,286.8,22,6540
2025,286.7,25,6565
2025,286.6,28,6593
2025,286.5,24,6617
2025,286.4,25,6642
2025,286.3,26,6668
2025,286.2,34,6702
2025,286.1,27,6729
2025,286.0,26,6755
2025,285.9,19,6774
2025,285.8,28,6802
2025,285.7,29,6831
2025,285.6,30,6861
2025,285.5,28,6889
2025,285.4,23,6912
2025,285.3,33,6945
2025,285.2,33,6978
2025,285.1,26,7004
2025,285.0,26,7030
2025,284.9,22,7052
2025,284.8,17,7069
2025,284.7,15,7084
2025,284.6,21,7105
2025,284.5,26,7131
2025,284.4,34,7165
2025,284.3,34,7199
2025,284.2,27,7226
2025,284.1,31,7257
2025,284.0,39,7296
2025,283.9,31,7327
2025,283.8,27,7354
2025,283.7,33,7387
2025,283.6,20,7407
2025,283.5,30,7437
2025,283.4,31,7468
2025,283.3,21,7489
2025,283.2,29,7518
2025,283.1,31,7549
2025,283.0,26,7575
2025,282.9,33,7608
2025,282.8,37,7645
2025,282.7,36,7681
2025,282.6,34,7715
2025,282.5,32,7747
2025,282.4,27,7774
2025,282.3,19,7793
2025,282.2,31,7824
2025,282.1,35,7859
2025,282.0,29,7888
2025,281.9,26,7914
2025,281.8,25,7939
2025,281.7,24,7963
2025,281.6,25,7988
2025,281.5,22,8010
2025,281.4,18,8028
2025,281.3,25,8053
2025,281.2,22,8075
2025,281.1,21,8096
2025,281.0,27,8123
2025,280.9,28,8151
2025,280.8,17,8168
2025,280.7,22,8190
2025,280.6,26,8216
2025,280.5,18,8234
2025,280.4,30,8264
2025,280.3,26,8290
2025,280.2,29,8319
2025,280.1,21,8340
2025,280.0,26,8366
2025,279.9,33,8399
2025,279.8,21,8420
2025,279.7,33,8453
2025,279.6,38,8491
2025,279.5,21,8512
2025,279.4,27,8539
2025,279.3,34,8573
2025,279.2,19,8592
2025,279.1,24,8616
2025,279.0,31,8647
2025,278.9,15,8662
2025,278.8,27,8689
2025,278.7,24,8713
2025,278.6,26,8739
2025,278.5,28,8767
2025,278.4,32,8799
2025,278.3,25,8824
2025,278.2,25,8849
2025,278.1,20,8869
2025,278.0,23,8892
2025,277.9,24,8916
2025,277.8,23,8939
2025,277.7,27,8966
2025,277.6,27,8993
2025,277.5,20,9013
2025,277.4,19,9032
2025,277.3,24,9056
2025,277.2,26,9082
2025,277.1,15,9097
2025,277.0,28,9125
2025,276.9,20,9145
2025,276.8,17,9162
2025,276.7,30,9192
2025,276.6,20,9212
2025,276.5,30,9242
2025,276.4,32,9274
2025,276.3,25,9299
2025,276.2,22,9321
2025,276.1,19,9340
2025,276.0,25,9365
2025,275.9,21,9386
2025,275.8,32,9418
2025,275.7,23,9441
2025,275.6,26,9467
2025,275.5,25,9492
2025,275.4,27,9519
2025,275.3,20,9539
2025,275.2,30,9569
2025,275.1,22,9591
2025,275.0,22,9613
2025,274.9,20,9633
2025,274.8,33,9666
2025,274.7,27,9693
2025,274.6,22,9715
2025,274.5,24,9739
2025,274.4,19,9758
2025,274.3,18,9776
2025,274.2,23,9799
2025,274.1,26,9825
2025,274.0,33,9858
2025,273.9,33,9891
2025,273.8,18,9909
2025,273.7,21,9930
2025,273.6,21,9951
2025,273.5,16,9967
2025,273.4,23,9990
2025,273.3,23,10013
2025,273.2,18,10031
2025,273.1,27,10058
2025,273.0,23,10081
2025,272.9,23,10104
2025,272.8,33,10137
2025,272.7,19,10156
2025,272.6,23,10179
2025,272.5,28,10207
2025,272.4,30,10237
2025,272.3,23,10260
2025,272.2,25,10285
2025,272.1,27,10312
2025,272.0,32,10344
2025,271.9,24,10368
2025,271.8,18,10386
2025,271.7,24,10410
2025,271.6,19,10429
2025,271.5,28,10457
2025,271.4,32,10489
2025,271.3,21,10510
2025,271.2,24,10534
2025,271.1,17,10551
2025,271.0,20,10571
2025,270.9,22,10593
2025,270.8,25,10618
2025,270.7,28,10646
2025,270.6,30,10676
2025,270.5,25,10701
2025,270.4,17,10718
2025,270.3,21,10739
2025,270.2,20,10759
2025,270.1,27,10786
2025,270.0,17,10803
2025,269.9,23,10826
2025,269.8,19,10845
2025,269.7,23,10868
2025,269.6,22,10890
2025,269.5,21,10911
2025,269.4,22,10933
2025,269.3,25,10958
2025,269.2,18,10976
2025,269.1,17,10993
2025,269.0,22,11015
2025,268.9,13,11028
2025,268.8,17,11045
2025,268.7,15,11060
2025,268.6,19,11079
2025,268.5,19,11098
2025,268.4,15,11113
2025,268.3,16,11129
2025,268.2,18,11147
2025,268.1,9,11156
2025,268.0,21,11177
2025,267.9,26,11203
2025,267.8,19,11222
2025,267.7,12,11234
2025,267.6,22,11256
2025,267.5,18,11274
2025,267.4,18,11292
2025,267.3,25,11317
2025,267.2,27,11344
2025,267.1,14,11358
2025,267.0,18,11376
2025,266.9,16,11392
2025,266.8,26,11418
2025,266.7,16,11434
2025,266.6,12,11446
2025,266.5,19,11465
2025,266.4,18,11483
2025,266.3,22,11505
2025,266.2,10,11515
2025,266.1,23,11538
2025,266.0,18,11556
2025,265.9,15,11571
2025,265.8,19,11590
2025,265.7,14,11604
2025,265.6,16,11620
2025,265.5,15,11635
2025,265.4,17,11652
2025,265.3,12,11664
2025,265.2,19,11683
2025,265.1,17,11700
2025,265.0,19,11719
2025,264.9,13,11732
2025,264.8,13,11745
2025,264.7,11,11756
2025,264.6,15,11771
2025,264.5,22,11793
2025,264.4,13,11806
2025,264.3,15,11821
2025,264.2,10,11831
2025,264.1,13,11844
2025,264.0,14,11858
2025,263.9,11,11869
2025,263.8,17,11886
2025,263.7,18,11904
2025,263.6,22,11926
2025,263.5,11,11937
2025,263.4,10,11947
2025,263.3,15,11962
2025,263.2,15,11977
2025,263.1,16,11993
2025,263.0,13,12006
2025,262.9,7,12013
2025,262.8,10,12023
2025,262.7,11,12034
2025,262.6,12,12046
2025,262.5,16,12062
2025,262.4,6,12068
2025,262.3,4,12072
2025,262.2,12,12084
2025,262.1,15,12099
2025,262.0,12,12111
2025,261.9,13,12124
2025,261.8,16,12140
2025,261.7,10,12150
2025,261.6,6,12156
2025,261.5,8,12164
2025,261.4,7,12171
2025,261.3,14,12185
2025,261.2,11,12196
2025,261.1,12,12208
2025,261.0,15,12223
2025,260.9,7,12230
2025,260.8,11,12241
2025,260.7,10,12251
2025,260.6,9,12260
2025,260.5,6,12266
2025,260.4,12,12278
2025,260.3,11,12289
2025,260.2,7,12296
2025,260.1,7,12303
2025,260.0,6,12309
2025,259.9,9,12318
2025,259.8,7,12325
2025,259.7,6,12331
2025,259.6,15,12346
2025,259.5,5,12351
2025,259.4,10,12361
2025,259.3,3,12364
2025,259.2,8,12372
2025,259.1,6,12378
2025,259.0,5,12383
2025,258.9,7,12390
2025,258.8,2,12392
2025,258.7,12,12404
2025,258.6,10,12414
2025,258.5,2,12416
2025,258.4,13,12429
2025,258.3,12,12441
2025,258.2,8,12449
2025,258.1,9,12458
2025,258.0,7,12465
2025,257.9,4,12469
2025,257.8,10,12479
2025,257.7,6,12485
2025,257.6,5,12490
2025,257.5,12,12502
2025,257.4,5,12507
2025,257.3,9,12516
2025,257.2,1,12517
2025,257.1,11,12528
2025,257.0,3,12531
2025,256.9,2,12533
2025,256.8,7,12540
2025,256.7,7,12547
2025,256.6,3,12550
2025,256.5,2,12552
2025,256.4,4,12556
2025,256.2,2,12558
2025,256.1,7,12565
2025,256.0,4,12569
2025,255.9,1,12570
2025,255.8,7,12577
2025,255.7,2,12579
2025,255.6,3,12582
2025,255.5,3,12585
2025,255.4,4,12589
2025,255.3,1,12590
2025,255.2,3,12593
2025,255.1,3,12596
2025,254.9,6,12602
2025,254.8,3,12605
2025,254.7,2,12607
2025,254.6,7,12614
2025,254.3,6,12620
2025,254.2,3,12623
2025,254.1,2,12625
2025,254.0,3,12628
2025,253.9,3,12631
2025,253.8,1,12632
2025,253.6,2,12634
2025,253.5,2,12636
2025,253.3,4,12640
2025,253.2,3,12643
2025,252.9,3,12646
2025,252.7,1,12647
2025,252.6,3,12650
2025,252.5,1,12651
2025,252.3,2,12653
2025,252.2,2,12655
2025,252.1,1,12656
2025,252.0,1,12657
2025,251.8,1,12658
2025,251.7,4,12662
2025,251.5,1,12663
2025,251.4,2,12665
2025,251.3,1,12666
2025,251.1,1,12667
2025,250.8,1,12668
2025,250.1,1,12669
2026,379.8,1,1
2026,369.5,1,2
2026,365.6,2,4
2026,362.3,1,5
2026,362.1,1,6
2026,362.0,1,7
2026,361.0,1,8
2026,360.4,1,9
2026,359.6,1,10
2026,358.7,1,11
2026,357.2,1,12
2026,357.1,1,13
2026,356.9,2,15
2026,356.7,1,16
2026,356.2,1,17
2026,356.0,1,18
2026,355.7,1,19
2026,355.3,1,20
2026,354.8,1,21
2026,354.7,1,22
2026,354.1,1,23
2026,353.9,1,24
2026,353.8,1,25
2026,353.6,1,26
2026,353.5,1,27
2026,353.1,1,28
2026,352.9,1,29
2026,352.7,1,30
2026,352.6,1,31
2026,352.4,3,34
2026,352.2,1,35
2026,351.8,1,36
2026,351.7,1,37
2026,351.1,1,38
2026,351.0,2,40
2026,350.9,1,41
2026,350.8,1,42
2026,350.7,1,43
2026,350.6,2,45
2026,350.5,1,46
2026,350.1,1,47
2026,349.7,1,48
2026,349.3,1,49
2026,349.1,1,50
2026,349.0,1,51
2026,348.8,4,55
2026,348.7,1,56
2026,348.5,2,58
2026,348.4,1,59
2026,348.3,1,60
2026,347.9,3,63
2026,347.8,3,66
2026,347.7,1,67
2026,347.6,1,68
2026,347.3,1,69
2026,346.9,1,70
2026,346.8,2,72
2026,346.7,1,73
2026,346.6,2,75
2026,346.1,1,76
2026,345.9,2,78
2026,345.7,3,81
2026,345.6,1,82
2026,345.5,2,84
2026,345.3,2,86
2026,345.2,1,87
2026,345.1,1,88
2026,345.0,1,89
2026,344.9,2,91
2026,344.5,2,93
2026,344.4,1,94
2026,344.3,1,95
2026,344.2,2,97
2026,344.0,3,100
2026,343.9,4,104
2026,343.7,2,106
2026,343.5,2,108
2026,343.4,1,109
2026,343.2,1,110
2026,343.1,2,112
2026,343.0,3,115
2026,342.9,1,116
2026,342.8,1,117
2026,342.6,2,119
2026,342.4,2,121
2026,342.2,1,122
2026,342.0,1,123
2026,341.9,1,124
2026,341.8,1,125
2026,341.6,1,126
2026,341.5,1,127
2026,341.4,3,130
2026,341.3,1,131
2026,341.2,2,133
2026,341.1,1,134
2026,341.0,1,135
2026,340.9,1,136
2026,340.7,2,138
2026,340.5,1,139
2026,340.4,3,142
2026,340.1,1,143
2026,339.9,2,145
2026,339.8,2,147
2026,339.7,3,150
2026,339.6,2,152
2026,339.5,2,154
2026,339.4,3,157
2026,339.3,1,158
2026,339.2,3,161
2026,339.1,1,162
2026,339.0,2,164
2026,338.9,1,165
2026,338.8,2,167
2026,338.7,2,169
2026,338.6,2,171
2026,338.5,2,173
2026,338.4,2,175
2026,338.3,1,176
2026,338.0,1,177
2026,337.9,1,178
2026,337.7,2,180
2026,337.6,1,181
2026,337.5,2,183
2026,337.4,5,188
2026,337.3,2,190
2026,337.2,4,194
2026,337.1,1,195
2026,337.0,3,198
2026,336.9,6,204
2026,336.8,4,208
2026,336.7,2,210
2026,336.5,5,215
2026,336.4,2,217
2026,336.3,2,219
2026,336.2,1,220
2026,336.1,2,222
2026,336.0,1,223
2026,335.9,3,226
2026,335.8,2,228
2026,335.7,1,229
2026,335.6,2,231
2026,335.5,2,233
2026,335.4,1,234
2026,335.3,3,237
2026,335.2,1,238
2026,335.1,2,240
2026,335.0,3,243
2026,334.9,3,246
2026,334.8,4,250
2026,334.7,3,253
2026,334.6,2,255
2026,334.5,2,257
2026,334.4,1,258
2026,334.3,1,259
2026,334.2,1,260
2026,334.1,1,261
2026,334.0,1,262
2026,333.9,2,264
2026,333.8,2,266
2026,333.6,4,270
2026,333.5,4,274
2026,333.4,4,278
2026,333.3,4,282
2026,333.2,1,283
2026,333.1,1,284
2026,333.0,5,289
2026,332.8,3,292
2026,332.7,3,295
2026,332.6,4,299
2026,332.5,4,303
2026,332.4,3,306
2026,332.2,6,312
2026,332.1,6,318
2026,332.0,4,322
2026,331.9,3,325
2026,331.8,3,328
2026,331.7,2,330
2026,331.6,3,333
2026,331.5,3,336
2026,331.4,3,339
2026,331.3,3,342
2026,331.2,3,345
2026,331.1,4,349
2026,331.0,2,351
2026,330.9,6,357
2026,330.8,4,361
2026,330.7,1,362
2026,330.6,7,369
2026,330.4,4,373
2026,330.3,4,377
2026,330.2,4,381
2026,330.1,1,382
2026,330.0,5,387
2026,329.9,3,390
2026,329.8,1,391
2026,329.7,2,393
2026,329.6,1,394
2026,329.5,4,398
2026,329.4,5,403
2026,329.3,3,406
2026,329.2,1,407
2026,329.1,2,409
2026,329.0,1,410
2026,328.9,1,411
2026,328.8,6,417
2026,328.6,1,418
2026,328.5,6,424
2026,328.4,4,428
2026,328.3,5,433
2026,328.2,4,437
2026,328.1,3,440
2026,327.9,1,441
2026,327.8,5,446
2026,327.7,8,454
2026,327.6,3,457
2026,327.5,4,461
2026,327.4,7,468
2026,327.3,5,473
2026,327.2,7,480
2026,327.1,4,484
2026,327.0,5,489
2026,326.9,4,493
2026,326.8,3,496
2026,326.7,8,504
2026,326.6,2,506
2026,326.5,4,510
2026,326.4,5,515
2026,326.3,1,516
2026,326.2,2,518
2026,326.1,2,520
2026,326.0,3,523
2026,325.9,3,526
2026,325.8,4,530
2026,325.7,5,535
2026,325.6,5,540
2026,325.5,5,545
2026,325.4,2,547
2026,325.3,3,550
2026,325.2,3,553
2026,325.1,1,554
2026,325.0,7,561
2026,324.9,5,566
2026,324.7,2,568
2026,324.6,8,576
2026,324.5,2,578
2026,324.4,5,583
2026,324.3,4,587
2026,324.2,5,592
2026,324.1,7,599
2026,324.0,1,600
2026,323.9,8,608
2026,323.8,2,610
2026,323.7,7,617
2026,323.6,3,620
2026,323.5,6,626
2026,323.4,1,627
2026,323.3,8,635
2026,323.2,5,640
2026,323.1,5,645
2026,323.0,3,648
2026,322.9,10,658
2026,322.8,6,664
2026,322.7,6,670
2026,322.6,6,676
2026,322.5,6,682
2026,322.4,5,687
2026,322.3,9,696
2026,322.2,1,697
2026,322.1,8,705
2026,322.0,6,711
2026,321.9,9,720
2026,321.8,8,728
2026,321.7,4,732
2026,321.6,5,737
2026,321.5,6,743
2026,321.4,4,747
2026,321.3,8,755
2026,321.2,4,759
2026,321.1,5,764
2026,321.0,2,766
2026,320.9,3,769
2026,320.8,5,774
2026,320.7,8,782
2026,320.6,5,787
2026,320.5,9,796
2026,320.4,4,800
2026,320.3,4,804
2026,320.2,6,810
2026,320.1,2,812
2026,320.0,10,822
2026,319.9,5,827
2026,319.8,2,829
2026,319.7,4,833
2026,319.6,1,834
2026,319.5,10,844
2026,319.4,3,847
2026,319.3,7,854
2026,319.2,5,859
2026,319.0,5,864
2026,318.9,8,872
2026,318.8,11,883
2026,318.7,5,888
2026,318.6,5,893
2026,318.5,7,900
2026,318.4,3,903
2026,318.3,7,910
2026,318.2,8,918
2026,318.1,6,924
2026,318.0,4,928
2026,317.9,4,932
2026,317.8,10,942
2026,317.7,3,945
2026,317.6,6,951
2026,317.5,7,958
2026,317.4,8,966
2026,317.3,4,970
2026,317.2,5,975
2026,317.1,13,988
2026,317.0,5,993
2026,316.9,9,1002
2026,316.8,5,1007
2026,316.7,8,1015
2026,316.6,6,1021
2026,316.5,6,1027
2026,316.4,5,1032
2026,316.3,5,1037
2026,316.2,10,1047
2026,316.1,9,1056
2026,316.0,9,1065
2026,315.9,6,1071
2026,315.8,10,1081
2026,315.7,5,1086
2026,315.6,8,1094
2026,315.5,4,1098
2026,315.4,8,1106
2026,315.3,13,1119
2026,315.2,5,1124
2026,315.1,3,1127
2026,315.0,4,1131
2026,314.9,7,1138
2026,314.8,9,1147
2026,314.7,6,1153
2026,314.6,10,1163
2026,314.5,3,1166
2026,314.4,13,1179
2026,314.3,6,1185
2026,314.2,6,1191
2026,314.1,13,1204
2026,314.0,3,1207
2026,313.9,4,1211
2026,313.8,10,1221
2026,313.7,7,1228
2026,313.6,12,1240
2026,313.5,14,1254
2026,313.4,6,1260
2026,313.3,9,1269
2026,313.2,13,1282
2026,313.1,8,1290
2026,313.0,7,1297
2026,312.9,10,1307
2026,312.8,10,1317
2026,312.7,7,1324
2026,312.6,11,1335
2026,312.5,10,1345
2026,312.4,6,1351
2026,312.3,10,1361
2026,312.2,7,1368
2026,312.1,8,1376
2026,312.0,5,1381
2026,311.9,7,1388
2026,311.8,14,1402
2026,311.7,8,1410
2026,311.6,11,1421
2026,311.5,9,1430
2026,311.4,9,1439
2026,311.3,10,1449
2026,311.2,11,1460
2026,311.1,3,1463
2026,311.0,10,1473
2026,310.9,12,1485
2026,310.8,12,1497
2026,310.7,8,1505
2026,310.6,8,1513
2026,310.5,6,1519
2026,310.4,13,1532
2026,310.3,12,1544
2026,310.2,8,1552
2026,310.1,8,1560
2026,310.0,10,1570
2026,309.9,10,1580
2026,309.8,6,1586
2026,309.7,11,1597
2026,309.6,9,1606
2026,309.5,8,1614
2026,309.4,8,1622
2026,309.3,5,1627
2026,309.2,10,1637
2026,309.1,12,1649
2026,309.0,12,1661
2026,308.9,12,1673
2026,308.8,12,1685
2026,308.7,12,1697
2026,308.6,13,1710
2026,308.5,12,1722
2026,308.4,14,1736
2026,308.3,16,1752
2026,308.2,13,1765
2026,308.1,8,1773
2026,308.0,8,1781
2026,307.9,12,1793
2026,307.8,12,1805
2026,307.7,13,1818
2026,307.6,17,1835
2026,307.5,14,1849
2026,307.4,4,1853
2026,307.3,17,1870
2026,307.2,11,1881
2026,307.1,13,1894
2026,307.0,20,1914
2026,306.9,12,1926
2026,306.8,18,1944
2026,306.7,15,1959
2026,306.6,19,1978
2026,306.5,9,1987
2026,306.4,13,2000
2026,306.3,11,2011
2026,306.2,7,2018
2026,306.1,13,2031
2026,306.0,8,2039
2026,305.9,12,2051
2026,305.8,9,2060
2026,305.7,11,2071
2026,305.6,6,2077
2026,305.5,7,2084
2026,305.4,11,2095
2026,305.3,15,2110
2026,305.2,12,2122
2026,305.1,3,2125
2026,305.0,9,2134
2026,304.9,14,2148
2026,304.8,14,2162
2026,304.7,13,2175
2026,304.6,10,2185
2026,304.5,11,2196
2026,304.4,16,2212
2026,304.3,9,2221
2026,304.2,14,2235
2026,304.1,15,2250
2026,304.0,11,2261
2026,303.9,16,2277
2026,303.8,15,2292
2026,303.7,12,2304
2026,303.6,16,2320
2026,303.5,14,2334
2026,303.4,15,2349
2026,303.3,16,2365
2026,303.2,16,2381
2026,303.1,11,2392
2026,303.0,12,2404
2026,302.9,14,2418
2026,302.8,8,2426
2026,302.7,14,2440
2026,302.6,12,2452
2026,302.5,8,2460
2026,302.4,13,2473
2026,302.3,18,2491
2026,302.2,17,2508
2026,302.1,9,2517
2026,302.0,15,2532
2026,301.9,10,2542
2026,301.8,13,2555
2026,301.7,22,2577
2026,301.6,15,2592
2026,301.5,10,2602
2026,301.4,15,2617
2026,301.3,10,2627
2026,301.2,14,2641
2026,301.1,13,2654
2026,301.0,12,2666
2026,300.9,17,2683
2026,300.8,17,2700
2026,300.7,23,2723
2026,300.6,14,2737
2026,300.5,15,2752
2026,300.4,12,2764
2026,300.3,14,2778
2026,300.2,14,2792
2026,300.1,14,2806
2026,300.0,17,2823
2026,299.9,10,2833
2026,299.8,16,2849
2026,299.7,21,2870
2026,299.6,15,2885
2026,299.5,16,2901
2026,299.4,18,2919
2026,299.3,22,2941
2026,299.2,16,2957
2026,299.1,17,2974
2026,299.0,12,2986
2026,298.9,20,3006
2026,298.8,18,3024
2026,298.7,11,3035
2026,298.6,13,3048
2026,298.5,16,3064
2026,298.4,13,3077
2026,298.3,16,3093
2026,298.2,20,3113
2026,298.1,13,3126
2026,298.0,14,3140
2026,297.9,14,3154
2026,297.8,18,3172
2026,297.7,18,3190
2026,297.6,19,3209
2026,297.5,20,3229
2026,297.4,17,3246
2026,297.3,22,3268
2026,297.2,19,3287
2026,297.1,11,3298
2026,297.0,21,3319
2026,296.9,19,3338
2026,296.8,18,3356
2026,296.7,20,3376
2026,296.6,30,3406
2026,296.5,21,3427
2026,296.4,13,3440
2026,296.3,17,3457
2026,296.2,13,3470
2026,296.1,24,3494
2026,296.0,20,3514
2026,295.9,18,3532
2026,295.8,16,3548
2026,295.7,15,3563
2026,295.6,24,3587
2026,295.5,27,3614
2026,295.4,15,3629
2026,295.3,30,3659
2026,295.2,23,3682
2026,295.1,23,3705
2026,295.0,24,3729
2026,294.9,19,3748
2026,294.8,15,3763
2026,294.7,23,3786
2026,294.6,18,3804
2026,294.5,20,3824
2026,294.4,20,3844
2026,294.3,22,3866
2026,294.2,11,3877
2026,294.1,21,3898
2026,294.0,19,3917
2026,293.9,10,3927
2026,293.8,23,3950
2026,293.7,18,3968
2026,293.6,24,3992
2026,293.5,26,4018
2026,293.4,18,4036
2026,293.3,13,4049
2026,293.2,27,4076
2026,293.1,18,4094
2026,293.0,21,4115
2026,292.9,21,4136
2026,292.8,19,4155
2026,292.7,32,4187
2026,292.6,17,4204
2026,292.5,17,4221
2026,292.4,14,4235
2026,292.3,21,4256
2026,292.2,25,4281
2026,292.1,30,4311
2026,292.0,25,4336
2026,291.9,21,4357
2026,291.8,17,4374
2026,291.7,27,4401
2026,291.6,14,4415
2026,291.5,25,4440
2026,291.4,18,4458
2026,291.3,23,4481
2026,291.2,17,4498
2026,291.1,22,4520
2026,291.0,16,4536
2026,290.9,24,4560
2026,290.8,22,4582
2026,290.7,27,4609
2026,290.6,16,4625
2026,290.5,18,4643
2026,290.4,24,4667
2026,290.3,18,4685
2026,290.2,22,4707
2026,290.1,20,4727
2026,290.0,20,4747
2026,289.9,14,4761
2026,289.8,14,4775
2026,289.7,22,4797
2026,289.6,24,4821
2026,289.5,28,4849
2026,289.4,18,4867
2026,289.3,18,4885
2026,289.2,21,4906
2026,289.1,18,4924
2026,289.0,19,4943
2026,288.9,29,4972
2026,288.8,21,4993
2026,288.7,20,5013
2026,288.6,27,5040
2026,288.5,23,5063
2026,288.4,22,5085
2026,288.3,23,5108
2026,288.2,29,5137
2026,288.1,22,5159
2026,288.0,20,5179
2026,287.9,21,5200
2026,287.8,30,5230
2026,287.7,23,5253
2026,287.6,27,5280
2026,287.5,19,5299
2026,287.4,20,5319
2026,287.3,17,5336
2026,287.2,27,5363
2026,287.1,25,5388
2026,287.0,19,5407
2026,286.9,24,5431
2026,286.8,23,5454
2026,286.7,26,5480
2026,286.6,24,5504
2026,286.5,25,5529
2026,286.4,27,5556
2026,286.3,19,5575
2026,286.2,27,5602
2026,286.1,24,5626
2026,286.0,19,5645
2026,285.9,17,5662
2026,285.8,20,5682
2026,285.7,23,5705
2026,285.6,23,5728
2026,285.5,19,5747
2026,285.4,23,5770
2026,285.3,30,5800
2026,285.2,22,5822
2026,285.1,21,5843
2026,285.0,20,5863
2026,284.9,21,5884
2026,284.8,16,5900
2026,284.7,25,5925
2026,284.6,20,5945
2026,284.5,23,5968
2026,284.4,26,5994
2026,284.3,21,6015
2026,284.2,25,6040
2026,284.1,34,6074
2026,284.0,19,6093
2026,283.9,18,6111
2026,283.8,23,6134
2026,283.7,14,6148
2026,283.6,28,6176
2026,283.5,29,6205
2026,283.4,21,6226
2026,283.3,19,6245
2026,283.2,14,6259
2026,283.1,23,6282
2026,283.0,25,6307
2026,282.9,35,6342
2026,282.8,27,6369
2026,282.7,15,6384
2026,282.6,34,6418
2026,282.5,22,6440
2026,282.4,26,6466
2026,282.3,32,6498
2026,282.2,25,6523
2026,282.1,20,6543
2026,282.0,24,6567
2026,281.9,16,6583
2026,281.8,25,6608
2026,281.7,19,6627
2026,281.6,17,6644
2026,281.5,20,6664
2026,281.4,24,6688
2026,281.3,19,6707
2026,281.2,25,6732
2026,281.1,25,6757
2026,281.0,24,6781
2026,280.9,24,6805
2026,280.8,24,6829
2026,280.7,30,6859
2026,280.6,26,6885
2026,280.5,20,6905
2026,280.4,31,6936
2026,280.3,21,6957
2026,280.2,25,6982
2026,280.1,16,6998
2026,280.0,21,7019
2026,279.9,15,7034
2026,279.8,23,7057
2026,279.7,25,7082
2026,279.6,25,7107
2026,279.5,25,7132
2026,279.4,19,7151
2026,279.3,25,7176
2026,279.2,20,7196
2026,279.1,32,7228
2026,279.0,28,7256
2026,278.9,24,7280
2026,278.8,9,7289
2026,278.7,19,7308
2026,278.6,24,7332
2026,278.5,17,7349
2026,278.4,18,7367
2026,278.3,19,7386
2026,278.2,18,7404
2026,278.1,25,7429
2026,278.0,27,7456
2026,277.9,24,7480
2026,277.8,30,7510
2026,277.7,31,7541
2026,277.6,18,7559
2026,277.5,25,7584
2026,277.4,24,7608
2026,277.3,19,7627
2026,277.2,23,7650
2026,277.1,23,7673
2026,277.0,44,7717
2026,276.9,22,7739
2026,276.8,24,7763
2026,276.7,25,7788
2026,276.6,26,7814
2026,276.5,11,7825
2026,276.4,23,7848
2026,276.3,18,7866
2026,276.2,15,7881
2026,276.1,28,7909
2026,276.0,20,7929
2026,275.9,16,7945
2026,275.8,13,7958
2026,275.7,28,7986
2026,275.6,13,7999
2026,275.5,21,8020
2026,275.4,30,8050
2026,275.3,12,8062
2026,275.2,19,8081
2026,275.1,21,8102
2026,275.0,21,8123
2026,274.9,26,8149
2026,274.8,23,8172
2026,274.7,34,8206
2026,274.6,19,8225
2026,274.5,21,8246
2026,274.4,19,8265
2026,274.3,15,8280
2026,274.2,23,8303
2026,274.1,19,8322
2026,274.0,25,8347
2026,273.9,26,8373
2026,273.8,16,8389
2026,273.7,25,8414
2026,273.6,28,8442
2026,273.5,20,8462
2026,273.4,23,8485
2026,273.3,20,8505
2026,273.2,28,8533
2026,273.1,24,8557
2026,273.0,29,8586
2026,272.9,28,8614
2026,272.8,23,8637
2026,272.7,20,8657
2026,272.6,30,8687
2026,272.5,22,8709
2026,272.4,19,8728
2026,272.3,18,8746
2026,272.2,16,8762
2026,272.1,27,8789
2026,272.0,26,8815
2026,271.9,20,8835
2026,271.8,23,8858
2026,271.7,16,8874
2026,271.6,28,8902
2026,271.5,22,8924
2026,271.4,22,8946
2026,271.3,18,8964
2026,271.2,17,8981
2026,271.1,19,9000
2026,271.0,20,9020
2026,270.9,24,9044
2026,270.8,19,9063
2026,270.7,13,9076
2026,270.6,20,9096
2026,270.5,17,9113
2026,270.4,19,9132
2026,270.3,24,9156
2026,270.2,13,9169
2026,270.1,20,9189
2026,270.0,29,9218
2026,269.9,19,9237
2026,269.8,24,9261
2026,269.7,17,9278
2026,269.6,26,9304
2026,269.5,21,9325
2026,269.4,18,9343
2026,269.3,24,9367
2026,269.2,17,9384
2026,269.1,23,9407
2026,269.0,8,9415
2026,268.9,20,9435
2026,268.8,19,9454
2026,268.7,18,9472
2026,268.6,19,9491
2026,268.5,19,9510
2026,268.4,23,9533
2026,268.3,18,9551
2026,268.2,19,9570
2026,268.1,21,9591
2026,268.0,10,9601
2026,267.9,19,9620
2026,267.8,17,9637
2026,267.7,18,9655
2026,267.6,24,9679
2026,267.5,17,9696
2026,267.4,21,9717
2026,267.3,22,9739
2026,267.2,24,9763
2026,267.1,16,9779
2026,267.0,18,9797
2026,266.9,21,9818
2026,266.8,17,9835
2026,266.7,30,9865
2026,266.6,20,9885
2026,266.5,12,9897
2026,266.4,17,9914
2026,266.3,20,9934
2026,266.2,20,9954
2026,266.1,23,9977
2026,266.0,17,9994
2026,265.9,9,10003
2026,265.8,17,10020
2026,265.7,13,10033
2026,265.6,15,10048
2026,265.5,17,10065
2026,265.4,14,10079
2026,265.3,11,10090
2026,265.2,17,10107
2026,265.1,13,10120
2026,265.0,17,10137
2026,264.9,19,10156
2026,264.8,19,10175
2026,264.7,15,10190
2026,264.6,9,10199
2026,264.5,15,10214
2026,264.4,13,10227
2026,264.3,27,10254
2026,264.2,11,10265
2026,264.1,15,10280
2026,264.0,16,10296
2026,263.9,15,10311
2026,263.8,12,10323
2026,263.7,10,10333
2026,263.6,11,10344
2026,263.5,20,10364
2026,263.4,12,10376
2026,263.3,18,10394
2026,263.2,11,10405
2026,263.1,5,10410
2026,263.0,7,10417
2026,262.9,9,10426
2026,262.8,13,10439
2026,262.7,8,10447
2026,262.6,11,10458
2026,262.5,12,10470
2026,262.4,10,10480
2026,262.3,9,10489
2026,262.2,16,10505
2026,262.1,17,10522
2026,262.0,8,10530
2026,261.9,9,10539
2026,261.8,16,10555
2026,261.7,9,10564
2026,261.6,12,10576
2026,261.5,14,10590
2026,261.4,20,10610
2026,261.3,7,10617
2026,261.2,9,10626
2026,261.1,14,10640
2026,261.0,10,10650
2026,260.9,13,10663
2026,260.8,14,10677
2026,260.7,5,10682
2026,260.6,8,10690
2026,260.5,7,10697
2026,260.4,6,10703
2026,260.3,11,10714
2026,260.2,7,10721
2026,260.1,7,10728
2026,260.0,13,10741
2026,259.9,10,10751
2026,259.8,11,10762
2026,259.7,7,10769
2026,259.6,12,10781
2026,259.5,9,10790
2026,259.4,9,10799
2026,259.3,8,10807
2026,259.2,8,10815
2026,259.1,15,10830
2026,259.0,8,10838
2026,258.9,7,10845
2026,258.8,4,10849
2026,258.7,11,10860
2026,258.6,8,10868
2026,258.5,11,10879
2026,258.4,10,10889
2026,258.3,6,10895
2026,258.2,6,10901
2026,258.1,6,10907
2026,258.0,11,10918
2026,257.9,5,10923
2026,257.8,7,10930
2026,257.7,9,10939
2026,257.6,12,10951
2026,257.5,7,10958
2026,257.4,8,10966
2026,257.3,8,10974
2026,257.2,5,10979
2026,257.1,1,10980
2026,257.0,9,10989
2026,256.9,4,10993
2026,256.8,5,10998
2026,256.7,4,11002
2026,256.6,7,11009
2026,256.5,7,11016
2026,256.4,7,11023
2026,256.3,2,11025
2026,256.2,4,11029
2026,256.1,5,11034
2026,256.0,3,11037
2026,255.9,3,11040
2026,255.8,1,11041
2026,255.7,4,11045
2026,255.6,8,11053
2026,255.5,4,11057
2026,255.4,5,11062
2026,255.3,2,11064
2026,255.2,6,11070
2026,255.1,3,11073
2026,255.0,7,11080
2026,254.9,8,11088
2026,254.8,3,11091
2026,254.7,2,11093
2026,254.6,5,11098
2026,254.5,1,11099
2026,254.4,1,11100
2026,254.3,1,11101
2026,254.2,6,11107
2026,254.1,4,11111
2026,254.0,6,11117
2026,253.9,1,11118
2026,253.8,6,11124
2026,253.7,1,11125
2026,253.6,3,11128
2026,253.5,4,11132
2026,253.4,3,11135
2026,253.3,4,11139
2026,253.2,2,11141
2026,253.1,3,11144
2026,253.0,2,11146
2026,252.9,4,11150
2026,252.8,3,11153
2026,252.7,5,11158
2026,252.6,2,11160
2026,252.5,1,11161
2026,252.4,3,11164
2026,252.3,2,11166
2026,252.2,3,11169
2026,252.1,3,11172
2026,252.0,1,11173
2026,251.7,2,11175
2026,251.6,1,11176
2026,251.5,1,11177
2026,251.4,2,11179
2026,251.3,2,11181
2026,251.1,1,11182
2026,251.0,2,11184
2026,250.8,1,11185
2026,250.6,3,11188
2026,250.5,2,11190
2026,250.2,1,11191
2026,250.1,4,11195
2026,250.0,2,11197
2026,249.9,1,11198
2026,249.6,1,11199
2026,249.3,1,11200
2026,249.2,1,11201
2026,249.0,1,11202
2026,248.9,1,11203
2026,248.8,1,11204
2026,248.5,3,11207
2026,248.3,1,11208
2026,248.2,2,11210
2026,247.9,2,11212
2026,247.2,1,11213
2026,246.6,1,11214
2026,246.4,1,11215
2026,246.3,1,11216
2026,245.5,1,11217
2026,245.0,1,11218
2026,244.8,1,11219
2026,244.4,2,11221
2026,244.3,1,11222
2026,243.6,1,11223
2026,243.4,1,11224
2026,243.0,1,11225
2026,242.3,1,11226
2026,239.3,1,11227
2026,236.9,1,11228
